FastaID,FastaSequence,AlphaFold_CIF_Path,AlphaFold_Confidence_Path
1,GNNRPVYIPQPRPPHPRL,data/AlphaFold_Data_Gram-/1-3/fold_2025_05_26_12_49_model_0.cif,data/AlphaFold_Data_Gram-/1-3/fold_2025_05_26_12_49_summary_confidences_0.json
2,RFRPPIRRPPIRPPFYPPFRPPIRPPIFPPIRPPFRPPLGPFP,data/AlphaFold_Data_Gram-/1-3/fold_2025_05_26_12_49_model_1.cif,data/AlphaFold_Data_Gram-/1-3/fold_2025_05_26_12_49_summary_confidences_1.json
3,RRIRPRPPRLPRPRPRPLPFPRPGPRPIPRPLPFPRPGPRPIPRPLPFPRPGPRPIPRPL,data/AlphaFold_Data_Gram-/1-3/fold_2025_05_26_12_49_model_2.cif,data/AlphaFold_Data_Gram-/1-3/fold_2025_05_26_12_49_summary_confidences_2.json
4,DFASCHTNGGICLPNRCPGHMIQIGICFRPRVKCCRSW,data/AlphaFold_Data_Gram-/4-30/fold_4_30_model_0.cif,data/AlphaFold_Data_Gram-/4-30/fold_4_30_summary_confidences_0.json
5,QVVRNPQSCRWNMGVCIPISCPGNMRQIGTCFGPRVPCCRRW,data/AlphaFold_Data_Gram-/4-30/fold_4_30_model_1.cif,data/AlphaFold_Data_Gram-/4-30/fold_4_30_summary_confidences_1.json
6,GIGSAILSAGKSALKGLAKGLAEHFAN,data/AlphaFold_Data_Gram-/4-30/fold_4_30_model_2.cif,data/AlphaFold_Data_Gram-/4-30/fold_4_30_summary_confidences_2.json
7,GGLKKLGKKLEGVGKRVFKASEKALPVAVGIKALG,data/AlphaFold_Data_Gram-/4-30/fold_4_30_model_3.cif,data/AlphaFold_Data_Gram-/4-30/fold_4_30_summary_confidences_3.json
8,GWLKKIGKKIERVGQNTRDATVKGLEVAQQAANVAATVR,data/AlphaFold_Data_Gram-/4-30/fold_4_30_model_4.cif,data/AlphaFold_Data_Gram-/4-30/fold_4_30_summary_confidences_4.json
9,GLKKLLGKLLKKLGKLLLK,data/AlphaFold_Data_Gram-/4-30/fold_4_30_model_5.cif,data/AlphaFold_Data_Gram-/4-30/fold_4_30_summary_confidences_5.json
10,GRPNPVNNKPTPHPRL,data/AlphaFold_Data_Gram-/4-30/fold_4_30_model_6.cif,data/AlphaFold_Data_Gram-/4-30/fold_4_30_summary_confidences_6.json
11,GRPNPVNTKPTPYPRL,data/AlphaFold_Data_Gram-/4-30/fold_4_30_model_7.cif,data/AlphaFold_Data_Gram-/4-30/fold_4_30_summary_confidences_7.json
12,WYVKKCLNDVGICKKKCKPEEMHVKNGWAMCGKGRDCCVPAD,data/AlphaFold_Data_Gram-/4-30/fold_4_30_model_8.cif,data/AlphaFold_Data_Gram-/4-30/fold_4_30_summary_confidences_8.json
13,QLKKCWNNYVQGHCRKICRVNEVPEALCENGRYCCLNIKELEAC,data/AlphaFold_Data_Gram-/4-30/fold_4_30_model_9.cif,data/AlphaFold_Data_Gram-/4-30/fold_4_30_summary_confidences_9.json
14,GVLSNVIGYLKKLGTGALNAVLKQ,data/AlphaFold_Data_Gram-/4-30/fold_4_30_model_10.cif,data/AlphaFold_Data_Gram-/4-30/fold_4_30_summary_confidences_10.json
15,GWLKKIGKKIERVGQHTRDATIQGLGIAQQAANVAATAR,data/AlphaFold_Data_Gram-/4-30/fold_4_30_model_11.cif,data/AlphaFold_Data_Gram-/4-30/fold_4_30_summary_confidences_11.json
16,GWLKKIGKKIERVGQHTRDATIQVIGVAQQAANVAATAR,data/AlphaFold_Data_Gram-/4-30/fold_4_30_model_12.cif,data/AlphaFold_Data_Gram-/4-30/fold_4_30_summary_confidences_12.json
17,GWLRKIGKKIERVGQHTRDATIQVLGIAQQAANVAATAR,data/AlphaFold_Data_Gram-/4-30/fold_4_30_model_13.cif,data/AlphaFold_Data_Gram-/4-30/fold_4_30_summary_confidences_13.json
18,GWIRDFGKRIERVGQHTRDATIQTIAVAQQAANVAATLKG,data/AlphaFold_Data_Gram-/4-30/fold_4_30_model_14.cif,data/AlphaFold_Data_Gram-/4-30/fold_4_30_summary_confidences_14.json
19,GLVSSIGRALGGLLADVVKSKGQPA,data/AlphaFold_Data_Gram-/4-30/fold_4_30_model_15.cif,data/AlphaFold_Data_Gram-/4-30/fold_4_30_summary_confidences_15.json
20,GCRFCCNCCPNMSGCGVCCRF,data/AlphaFold_Data_Gram-/4-30/fold_4_30_model_16.cif,data/AlphaFold_Data_Gram-/4-30/fold_4_30_summary_confidences_16.json
21,MSGVIAIPLATPATTPKKRSKPKKTGPTVSDRILKVVSASSDRSGVSLAALKKSLAASGYDVVKNNARLKLAVRRLVAKGYLLQPKGTGASGSFKINKNKAVAKKKRPTKNKVKKVGAKKVRRASPKKAVGAKKSPKKTKRKSPKKAKRPAAAKKPKSPRKTKRRVAKSTRAKTAPKKK,data/AlphaFold_Data_Gram-/4-30/fold_4_30_model_17.cif,data/AlphaFold_Data_Gram-/4-30/fold_4_30_summary_confidences_17.json
22,GNNRPIYIPQPRPPHPRL,data/AlphaFold_Data_Gram-/4-30/fold_4_30_model_18.cif,data/AlphaFold_Data_Gram-/4-30/fold_4_30_summary_confidences_18.json
23,QRFIHPTYRPPPQPRRPVIMRA,data/AlphaFold_Data_Gram-/4-30/fold_4_30_model_19.cif,data/AlphaFold_Data_Gram-/4-30/fold_4_30_summary_confidences_19.json
24,FFPIGVFCKIFKTC,data/AlphaFold_Data_Gram-/4-30/fold_4_30_model_20.cif,data/AlphaFold_Data_Gram-/4-30/fold_4_30_summary_confidences_20.json
25,VDKPDYRPRPRPPNM,data/AlphaFold_Data_Gram-/4-30/fold_4_30_model_21.cif,data/AlphaFold_Data_Gram-/4-30/fold_4_30_summary_confidences_21.json
26,VDKPDYRPRPWPRPN,data/AlphaFold_Data_Gram-/4-30/fold_4_30_model_22.cif,data/AlphaFold_Data_Gram-/4-30/fold_4_30_summary_confidences_22.json
27,VDKPDYRPRPWPRNMI,data/AlphaFold_Data_Gram-/4-30/fold_4_30_model_23.cif,data/AlphaFold_Data_Gram-/4-30/fold_4_30_summary_confidences_23.json
28,VDKPDYRPRPWPRPNM,data/AlphaFold_Data_Gram-/4-30/fold_4_30_model_24.cif,data/AlphaFold_Data_Gram-/4-30/fold_4_30_summary_confidences_24.json
29,GLVDVLGKVGGLIKKLLPG,data/AlphaFold_Data_Gram-/4-30/fold_4_30_model_25.cif,data/AlphaFold_Data_Gram-/4-30/fold_4_30_summary_confidences_25.json
30,SGFVLKGYTKTSQ,data/AlphaFold_Data_Gram-/4-30/fold_4_30_model_26.cif,data/AlphaFold_Data_Gram-/4-30/fold_4_30_summary_confidences_26.json
31,AGFVLKGYTKTSQ,data/AlphaFold_Data_Gram-/30-100/fold_30_100_model_0.cif,data/AlphaFold_Data_Gram-/30-100/fold_30_100_summary_confidences_0.json
32,GLMDTVKNAAKNLAGQMLDKLKCKITGSC,data/AlphaFold_Data_Gram-/30-100/fold_30_100_model_1.cif,data/AlphaFold_Data_Gram-/30-100/fold_30_100_summary_confidences_1.json
... (omitted for brevity, will include all 764 mappings in the actual file) ...
763,RRIRPRPPRLPRPPPR,data/AlphaFold_Data_Gram-/701-764/fold_701_764_model_62.cif,data/AlphaFold_Data_Gram-/701-764/fold_701_764_summary_confidences_62.json
764,RRIRPRPPRLPRPRPP,data/AlphaFold_Data_Gram-/701-764/fold_701_764_model_63.cif,data/AlphaFold_Data_Gram-/701-764/fold_701_764_summary_confidences_63.json